on_tgt_id,off_tgt_id,rec_seqid,jaccard_index,rmsd,tmscore,jaccard_bin
"('4kdi-assembly1_A', '4kdi-assembly1_C')","('3qc8-assembly1_A', '3qc8-assembly1_B')",0.125,0.06766917293233082,2.07,0.61841,"[0.0, 0.1)"
"('4dbg-assembly1_A', '4dbg-assembly1_B')","('7v8e-assembly1_B', '7v8e-assembly1_A')",0.07228915662650602,0.0,5.41,0.21871,"[0.0, 0.1)"
"('4b2a-assembly1_A', '4b2a-assembly1_B')","('2tld-assembly1_A', '2tld-assembly1_B')",0.13725490196078433,0.0,4.59,0.24844,"[0.0, 0.1)"
"('3h3b-assembly1_A', '3h3b-assembly1_C')","('4hrl-assembly1_A', '4hrl-assembly1_B')",0.05263157894736842,0.0,6.08,0.27329,"[0.0, 0.1)"
"('1ak4-assembly1_A', '1ak4-assembly1_D')","('8g9p-assembly1_D', '8g9p-assembly1_A')",0.033707865168539325,0.0,4.75,0.32443,"[0.0, 0.1)"
"('8ysf-assembly1_A', '8ysf-assembly1_B')","('8ysh-assembly1_A', '8ysh-assembly1_B')",0.6991150442477876,0.0,1.77,0.88079,"[0.0, 0.1)"
"('3bh6-assembly1_A', '3bh6-assembly1_B')","('4zi2-assembly1_A', '4zi2-assembly1_C')",0.05333333333333334,0.0,5.07,0.30602,"[0.0, 0.1)"
"('5n8a-assembly1_B', '5n8a-assembly1_A')","('7xuv-assembly1_A', '7xuv-assembly1_B')",0.2222222222222222,0.06060606060606061,0.71,0.26149,"[0.0, 0.1)"
"('1bvn-assembly1_A', '1bvn-assembly1_B')","('1kxq-assembly1_A', '1kxq-assembly1_H')",0.09375,0.0,3.03,0.374,"[0.0, 0.1)"
"('5ml9-assembly1_A', '5ml9-assembly1_B')","('5mn2-assembly1_A', '5mn2-assembly1_D')",0.8390804597701149,0.0,1.84,0.87217,"[0.0, 0.1)"
"('5aqb-assembly1_B', '5aqb-assembly1_A')","('5ma3-assembly1_A', '5ma3-assembly1_B')",0.7607361963190185,0.0,2.82,0.4933,"[0.0, 0.1)"
"('5gtu-assembly1_A', '5gtu-assembly1_B')","('5wyh-assembly1_A', '5wyh-assembly1_B')",0.05263157894736842,0.0,2.81,0.08239,"[0.0, 0.1)"
"('6dcx-assembly1_A', '6dcx-assembly1_D')","('4v0v-assembly1_A', '4v0v-assembly1_B')",0.1111111111111111,0.0,2.47,0.19206,"[0.0, 0.1)"
"('5jo1-assembly1_A', '5jo1-assembly1_B')","('3ujg-assembly1_B', '3ujg-assembly1_A')",0.052083333333333336,0.0,5.85,0.20321,"[0.0, 0.1)"
"('3h2u-assembly1_B', '3h2u-assembly1_A')","('3vf0-assembly1_B', '3vf0-assembly1_A-2')",0.9310344827586207,0.0,1.13,0.94823,"[0.0, 0.1)"
"('4g2v-assembly1_A', '4g2v-assembly1_B')","('3ro2-assembly1_A', '3ro2-assembly1_B')",0.2,0.07391304347826087,2.35,0.17705,"[0.0, 0.1)"
"('6waq-assembly1_D', '6waq-assembly1_A')","('7x2j-assembly1_A', '7x2j-assembly1_B')",0.8225806451612904,0.00423728813559322,1.25,0.92645,"[0.0, 0.1)"
"('3vcm-assembly1_A', '3vcm-assembly1_C')","('2x0b-assembly1_E', '2x0b-assembly1_F')",0.0,0.0,2.48,0.07284,"[0.0, 0.1)"
"('6f2g-assembly1_A', '6f2g-assembly1_B')","('9h76-assembly1_A', '9h76-assembly1_B')",0.7155172413793104,0.0,1.61,0.92344,"[0.0, 0.1)"
"('3pk1-assembly1_B', '3pk1-assembly1_A')","('2xa0-assembly1_C', '2xa0-assembly1_A')",0.25,0.016778523489932886,2.34,0.79088,"[0.0, 0.1)"
"('6ixq-assembly1_A', '6ixq-assembly1_B')","('6ixr-assembly1_A', '6ixr-assembly1_B')",0.3333333333333333,0.17647058823529413,0.84,0.42525,"[0.1, 0.2)"
"('2cju-assembly1_B', '2cju-assembly1_A')","('1n4x-assembly1_A', '1n4x-assembly1_B')",0.4369747899159664,0.12796208530805686,1.66,0.88774,"[0.1, 0.2)"
"('4nfg-assembly1_A', '4nfg-assembly1_B')","('1s6v-assembly1_A', '1s6v-assembly1_B')",0.6213592233009708,0.125,0.56,0.9345,"[0.1, 0.2)"
"('1f4w-assembly1_B', '1f4w-assembly1_A')","('6i1o-assembly1_A', '6i1o-assembly1_B')",0.3463414634146341,0.14942528735632185,3.14,0.76232,"[0.1, 0.2)"
"('6idh-assembly1_B', '6idh-assembly1_A')","('1mfb-assembly1_B', '1mfb-assembly1_A')",0.30434782608695654,0.10580912863070539,3.3,0.75315,"[0.1, 0.2)"
"('4dn3-assembly1_B', '4dn3-assembly1_A')","('2jb5-assembly1_A', '2jb5-assembly1_B')",0.43478260869565216,0.14527845036319612,1.86,0.8871,"[0.1, 0.2)"
"('5b6f-assembly1_B', '5b6f-assembly1_A')","('8tca-assembly1_A', '8tca-assembly1_B')",0.3798076923076923,0.13425925925925927,2.26,0.85492,"[0.1, 0.2)"
"('7acz-assembly1_B', '7acz-assembly1_A')","('8bby-assembly1_B', '8bby-assembly1_A')",0.9323308270676691,0.1622103386809269,1.61,0.84188,"[0.1, 0.2)"
"('6bvv-assembly1_A', '6bvv-assembly1_B')","('4uae-assembly1_A', '4uae-assembly1_B')",0.18181818181818182,0.17034700315457413,2.08,0.23173,"[0.1, 0.2)"
"('7mrk-assembly1_A', '7mrk-assembly1_B')","('7mrn-assembly1_B', '7mrn-assembly1_A')",0.6071428571428571,0.13836477987421383,0.74,0.6787,"[0.1, 0.2)"
"('6foe-assembly1_A', '6foe-assembly1_B')","('5whj-assembly1_A', '5whj-assembly1_B')",0.4077669902912621,0.15035799522673032,1.89,0.88189,"[0.1, 0.2)"
"('1gig-assembly1_B', '1gig-assembly1_A')","('6ltg-assembly1_A', '6ltg-assembly1_B')",0.3894230769230769,0.1559633027522936,2.69,0.79919,"[0.1, 0.2)"
"('6l81-assembly1_B', '6l81-assembly1_A')","('6m33-assembly1_B', '6m33-assembly1_A')",0.14772727272727273,0.16304347826086957,2.99,0.6721,"[0.1, 0.2)"
"('6k73-assembly1_A', '6k73-assembly1_C')","('4y2o-assembly1_A', '4y2o-assembly1_B')",0.152,0.1242603550295858,2.96,0.67592,"[0.1, 0.2)"
"('4ap2-assembly1_B', '4ap2-assembly1_A')","('4hxi-assembly1_B', '4hxi-assembly1_A')",0.30158730158730157,0.13725490196078433,2.04,0.86442,"[0.1, 0.2)"
"('6ihj-assembly1_C', '6ihj-assembly1_A')","('6mrk-assembly1_B', '6mrk-assembly1_A')",0.27672955974842767,0.1497584541062802,1.65,0.80487,"[0.1, 0.2)"
"('5jof-assembly1_C', '5jof-assembly1_D')","('7wc0-assembly1_A', '7wc0-assembly1_B')",0.417910447761194,0.17174515235457063,2.25,0.82175,"[0.1, 0.2)"
"('7vsu-assembly1_B', '7vsu-assembly1_A')","('5w6c-assembly1_A', '5w6c-assembly1_B')",0.44390243902439025,0.18981481481481483,2.04,0.85717,"[0.1, 0.2)"
"('7jzi-assembly1_A', '7jzi-assembly1_B')","('7jzk-assembly1_A', '7jzk-assembly1_B')",0.3893805309734513,0.1511627906976744,3.17,0.71243,"[0.1, 0.2)"
"('5czd-assembly1_A', '5czd-assembly1_B')","('8h6s-assembly1_A', '8h6s-assembly1_C')",0.16666666666666666,0.15384615384615385,2.32,0.59934,"[0.1, 0.2)"
"('3mlq-assembly1_A', '3mlq-assembly1_E')","('4xax-assembly1_A', '4xax-assembly1_B')",0.39473684210526316,0.22857142857142856,1.47,0.22247,"[0.2, 0.3)"
"('2vm6-assembly1_A', '2vm6-assembly1_B')","('5uuk-assembly1_A', '5uuk-assembly1_B')",0.36363636363636365,0.22388059701492538,0.96,0.49001,"[0.2, 0.3)"
"('1a7n-assembly1_A', '1a7n-assembly1_B')","('6p79-assembly1_B', '6p79-assembly1_A')",0.46551724137931033,0.24651162790697675,1.19,0.92106,"[0.2, 0.3)"
"('2aq2-assembly1_A', '2aq2-assembly1_B')","('3owe-assembly1_A', '3owe-assembly1_B')",0.4409090909090909,0.2413793103448276,1.14,0.93774,"[0.2, 0.3)"
"('1dsf-assembly1_A', '1dsf-assembly1_B')","('1dlf-assembly1_A', '1dlf-assembly1_B')",0.646551724137931,0.22085889570552147,1.87,0.87767,"[0.2, 0.3)"
"('5lz3-assembly1_A', '5lz3-assembly1_B')","('6q67-assembly1_A', '6q67-assembly1_B')",0.2857142857142857,0.24031007751937986,2.68,0.49638,"[0.2, 0.3)"
"('4mnh-assembly1_B', '4mnh-assembly1_A')","('4wnq-assembly1_A', '4wnq-assembly1_B')",0.6622807017543859,0.2950108459869848,2.25,0.8449,"[0.2, 0.3)"
"('2fbj-assembly1_A', '2fbj-assembly1_B')","('2fat-assembly1_A', '2fat-assembly1_B')",0.3933649289099526,0.22278481012658227,2.33,0.85777,"[0.2, 0.3)"
"('2gfb-assembly1_A', '2gfb-assembly1_B')","('4qth-assembly1_B', '4qth-assembly1_A')",0.3737864077669903,0.24235294117647058,4.12,0.65279,"[0.2, 0.3)"
"('5bxv-assembly1_A', '5bxv-assembly1_B')","('5t46-assembly1_A', '5t46-assembly1_B')",0.2857142857142857,0.20249221183800623,1.08,0.78923,"[0.2, 0.3)"
"('1lw6-assembly1_A', '1lw6-assembly1_B')","('1sbn-assembly1_A', '1sbn-assembly1_B')",0.3548387096774194,0.225531914893617,1.42,0.80194,"[0.2, 0.3)"
"('1s6v-assembly1_B', '1s6v-assembly1_A')","('6p41-assembly1_B', '6p41-assembly1_A')",0.9795918367346939,0.21212121212121213,0.49,0.99412,"[0.2, 0.3)"
"('2aw2-assembly1_A', '2aw2-assembly1_B')","('6nyp-assembly1_A', '6nyp-assembly1_F')",0.42857142857142855,0.25663716814159293,2.47,0.70774,"[0.2, 0.3)"
"('1jtd-assembly1_B', '1jtd-assembly1_A')","('3qhy-assembly1_B', '3qhy-assembly1_A')",0.4,0.2662337662337662,1.77,0.92731,"[0.2, 0.3)"
"('3ojv-assembly1_C', '3ojv-assembly1_A')","('5w59-assembly1_B', '5w59-assembly1_A')",0.4,0.2222222222222222,1.36,0.84629,"[0.2, 0.3)"
"('7v7l-assembly1_A', '7v7l-assembly1_B')","('4zp4-assembly1_A', '4zp4-assembly1_B')",0.5915492957746479,0.2612859097127223,1.94,0.90201,"[0.2, 0.3)"
"('4zgz-assembly1_B', '4zgz-assembly1_A')","('4zgy-assembly1_B', '4zgy-assembly1_A')",0.5682451253481894,0.2943722943722944,1.64,0.89569,"[0.2, 0.3)"
"('2i3t-assembly1_A', '2i3t-assembly1_B')","('2i3s-assembly1_A', '2i3s-assembly1_B')",0.47058823529411764,0.3,1.1,0.76794,"[0.2, 0.3)"
"('5nvk-assembly1_A', '5nvk-assembly1_B')","('5xln-assembly1_A', '5xln-assembly1_B')",0.2631578947368421,0.22981366459627328,1.62,0.45855,"[0.2, 0.3)"
"('4zoz-assembly1_B', '4zoz-assembly1_A')","('4zox-assembly1_B', '4zox-assembly1_A')",0.31213872832369943,0.2032520325203252,1.99,0.85833,"[0.2, 0.3)"
"('4hop-assembly1_A', '4hop-assembly1_B')","('1qav-assembly1_A', '1qav-assembly1_B')",0.972972972972973,0.30864197530864196,1.8,0.89014,"[0.3, 0.4)"
"('7pdy-assembly1_A', '7pdy-assembly1_B')","('6t3y-assembly1_A', '6t3y-assembly1_B')",0.8307692307692308,0.3785123966942149,1.04,0.96433,"[0.3, 0.4)"
"('1am4-assembly1_A', '1am4-assembly1_B')","('5m6x-assembly1_A', '5m6x-assembly1_B')",0.5459770114942529,0.3113207547169811,0.98,0.94355,"[0.3, 0.4)"
"('6blq-assembly1_A', '6blq-assembly1_B')","('1lnu-assembly1_A', '1lnu-assembly1_B')",0.8375634517766497,0.36,1.78,0.84288,"[0.3, 0.4)"
"('2j0t-assembly1_D', '2j0t-assembly1_A')","('3ma2-assembly1_D', '3ma2-assembly1_A')",0.4810126582278481,0.3348623853211009,1.07,0.88732,"[0.3, 0.4)"
"('5ffn-assembly1_B', '5ffn-assembly1_A')","('1lw6-assembly1_B', '1lw6-assembly1_A')",0.40074906367041196,0.3811659192825112,2.05,0.89496,"[0.3, 0.4)"
"('15c8-assembly1_A', '15c8-assembly1_B')","('5l7x-assembly1_B', '5l7x-assembly1_A')",0.5685279187817259,0.3732590529247911,3.45,0.73092,"[0.3, 0.4)"
"('6blq-assembly1_B', '6blq-assembly1_A')","('2p24-assembly1_B', '2p24-assembly1_A')",0.9005524861878453,0.36231884057971014,0.68,0.97727,"[0.3, 0.4)"
"('3hmw-assembly1_B', '3hmw-assembly1_A')","('8vlt-assembly1_A', '8vlt-assembly1_B')",0.7710280373831776,0.38328530259365995,0.81,0.95702,"[0.3, 0.4)"
"('5dqd-assembly1_A', '5dqd-assembly1_B')","('4nja-assembly1_A', '4nja-assembly1_B')",0.6063348416289592,0.36046511627906974,2.01,0.89191,"[0.3, 0.4)"
"('7f5k-assembly1_B', '7f5k-assembly1_A')","('2q86-assembly1_B', '2q86-assembly1_A')",0.572972972972973,0.33638443935926776,2.96,0.78598,"[0.3, 0.4)"
"('6ob5-assembly1_D', '6ob5-assembly1_A')","('1svx-assembly1_A', '1svx-assembly1_B')",0.8823529411764706,0.3170731707317073,3.43,0.80117,"[0.3, 0.4)"
"('7ldj-assembly1_E', '7ldj-assembly1_A')","('7rby-assembly1_B', '7rby-assembly1_A')",0.9948453608247423,0.36619718309859156,0.97,0.96565,"[0.3, 0.4)"
"('6j9o-assembly1_B', '6j9o-assembly1_A')","('4ob5-assembly1_B', '4ob5-assembly1_A')",0.5701754385964912,0.3465909090909091,1.7,0.8481,"[0.3, 0.4)"
"('1ay1-assembly1_A', '1ay1-assembly1_B')","('8cbx-assembly1_A', '8cbx-assembly1_B')",0.6698113207547169,0.3685800604229607,1.92,0.86859,"[0.3, 0.4)"
"('5ado-assembly1_A', '5ado-assembly1_B')","('3zl4-assembly1_A', '3zl4-assembly1_B')",0.6794258373205742,0.3201320132013201,2.8,0.79462,"[0.3, 0.4)"
"('6avn-assembly1_B', '6avn-assembly1_A')","('5tpp-assembly1_A', '5tpp-assembly1_B')",0.7828054298642534,0.3472222222222222,1.97,0.88928,"[0.3, 0.4)"
"('7f6l-assembly1_A', '7f6l-assembly1_B')","('9f98-assembly1_A', '9f98-assembly1_B')",0.34306569343065696,0.3279569892473118,2.07,0.82994,"[0.3, 0.4)"
"('5alc-assembly1_B', '5alc-assembly1_A')","('6srx-assembly1_B', '6srx-assembly1_A')",0.7136150234741784,0.3112244897959184,3.61,0.72831,"[0.3, 0.4)"
"('1ap2-assembly1_A', '1ap2-assembly1_B')","('6tnp-assembly1_A', '6tnp-assembly1_B')",0.6086956521739131,0.37333333333333335,1.33,0.94646,"[0.3, 0.4)"
"('3dif-assembly1_A', '3dif-assembly1_B')","('5i66-assembly1_B', '5i66-assembly1_A')",0.7772511848341233,0.4548022598870056,1.33,0.92089,"[0.4, 0.5)"
"('12e8-assembly1_A', '12e8-assembly1_B')","('3cle-assembly1_A', '3cle-assembly1_B')",0.7339449541284404,0.42592592592592593,1.75,0.92339,"[0.4, 0.5)"
"('3eyq-assembly1_B', '3eyq-assembly1_A')","('7k8o-assembly1_A', '7k8o-assembly1_B')",0.8578199052132701,0.48923076923076925,0.63,0.97305,"[0.4, 0.5)"
"('2pyf-assembly1_B', '2pyf-assembly1_A')","('3rev-assembly1_B', '3rev-assembly1_A')",0.5879396984924623,0.4781659388646288,1.76,0.90705,"[0.4, 0.5)"
"('1i9i-assembly1_B', '1i9i-assembly1_A')","('7jvd-assembly1_A', '7jvd-assembly1_B')",0.7877358490566038,0.42168674698795183,0.9,0.97671,"[0.4, 0.5)"
"('7nlj-assembly1_B', '7nlj-assembly1_A')","('7nmm-assembly1_I', '7nmm-assembly1_A')",0.6493506493506493,0.44324324324324327,1.21,0.9006,"[0.4, 0.5)"
"('2adg-assembly1_A', '2adg-assembly1_B')","('7oo2-assembly1_B', '7oo2-assembly1_A')",0.6778846153846154,0.48466257668711654,2.5,0.81074,"[0.4, 0.5)"
"('2adg-assembly1_B', '2adg-assembly1_A')","('6gxx-assembly1_A', '6gxx-assembly1_B')",0.7582938388625592,0.44776119402985076,0.91,0.95233,"[0.4, 0.5)"
"('1bln-assembly1_B', '1bln-assembly1_A')","('2xkn-assembly1_D', '2xkn-assembly1_C')",0.7632850241545893,0.4855305466237942,1.09,0.94211,"[0.4, 0.5)"
"('4a6y-assembly1_A', '4a6y-assembly1_B')","('1etz-assembly1_A', '1etz-assembly1_B')",0.596244131455399,0.4054726368159204,1.99,0.85171,"[0.4, 0.5)"
"('5d5m-assembly3_F', '5d5m-assembly3_E')","('3qeu-assembly1_B', '3qeu-assembly1_A')",0.66,0.4683257918552036,1.6,0.93158,"[0.4, 0.5)"
"('4jn1-assembly1_A', '4jn1-assembly1_B')","('9b74-assembly1_A', '9b74-assembly1_B')",0.794392523364486,0.47956403269754766,0.92,0.97298,"[0.4, 0.5)"
"('1jnl-assembly1_A', '1jnl-assembly1_B')","('4x80-assembly1_A', '4x80-assembly1_B')",0.6995305164319249,0.4792332268370607,1.85,0.87967,"[0.4, 0.5)"
"('1c1e-assembly1_B', '1c1e-assembly1_A')","('8sip-assembly1_A', '8sip-assembly1_B')",0.822429906542056,0.4716417910447761,0.87,0.97318,"[0.4, 0.5)"
"('4llw-assembly1_A', '4llw-assembly1_B')","('5vsh-assembly1_A', '5vsh-assembly1_B')",0.6893203883495146,0.43492063492063493,2.75,0.79621,"[0.4, 0.5)"
"('5ggu-assembly1_B', '5ggu-assembly1_A')","('5vkk-assembly1_B', '5vkk-assembly1_A')",0.7451923076923077,0.46258503401360546,1.67,0.88935,"[0.4, 0.5)"
"('15c8-assembly1_B', '15c8-assembly1_A')","('1qbl-assembly1_B', '1qbl-assembly1_A')",0.7971698113207547,0.476056338028169,1.69,0.90776,"[0.4, 0.5)"
"('6bjz-assembly1_B', '6bjz-assembly1_A')","('3qrg-assembly1_A', '3qrg-assembly1_B')",0.6666666666666666,0.4074074074074074,1.78,0.90765,"[0.4, 0.5)"
"('1f8t-assembly1_B', '1f8t-assembly1_A')","('3rvt-assembly1_B', '3rvt-assembly1_A')",0.7652582159624414,0.44662921348314605,0.67,0.98527,"[0.4, 0.5)"
"('7k0x-assembly1_A', '7k0x-assembly1_B')","('7k0z-assembly1_A', '7k0z-assembly1_B')",0.7162790697674418,0.4772727272727273,1.13,0.94684,"[0.4, 0.5)"
"('5ado-assembly1_B', '5ado-assembly1_A')","('6y1n-assembly1_B', '6y1n-assembly1_A')",0.926829268292683,0.5507246376811594,1.1,0.92468,"[0.5, 0.6)"
"('1uwg-assembly1_B', '1uwg-assembly1_A')","('1uwe-assembly1_B', '1uwe-assembly1_A')",0.9086538461538461,0.5962962962962963,0.99,0.93055,"[0.5, 0.6)"
"('7u61-assembly1_A', '7u61-assembly1_B')","('7u62-assembly1_A', '7u62-assembly1_B')",0.9666666666666667,0.5842391304347826,1.84,0.89315,"[0.5, 0.6)"
"('5iie-assembly1_B', '5iie-assembly1_A')","('6p3b-assembly1_B', '6p3b-assembly1_A')",0.8761904761904762,0.594306049822064,0.69,0.96661,"[0.5, 0.6)"
"('7ea6-assembly1_A', '7ea6-assembly1_B')","('8zo4-assembly1_A', '8zo4-assembly1_B')",0.7257383966244726,0.5286783042394015,1.34,0.95131,"[0.5, 0.6)"
"('6fbj-assembly1_A', '6fbj-assembly1_B')","('1f11-assembly1_B', '1f11-assembly1_A')",0.8779342723004695,0.5880503144654088,1.19,0.95819,"[0.5, 0.6)"
"('5cex-assembly1_A', '5cex-assembly1_B')","('4jy5-assembly1_A', '4jy5-assembly1_B')",0.8893805309734514,0.5424242424242425,1.54,0.95736,"[0.5, 0.6)"
"('1uwg-assembly1_A', '1uwg-assembly1_B')","('1uwe-assembly1_A', '1uwe-assembly1_B')",0.910377358490566,0.5962962962962963,0.42,0.98958,"[0.5, 0.6)"
"('8gby-assembly1_B', '8gby-assembly1_A')","('8gc0-assembly1_B', '8gc0-assembly1_A')",0.8654708520179372,0.5875706214689266,1.27,0.91741,"[0.5, 0.6)"
"('8fn8-assembly1_B', '8fn8-assembly1_A')","('8fn9-assembly1_B', '8fn9-assembly1_A')",0.6111111111111112,0.5942028985507246,0.53,0.97802,"[0.5, 0.6)"
"('5do9-assembly1_B', '5do9-assembly1_A')","('2ode-assembly1_B', '2ode-assembly1_A')",0.5241157556270096,0.5240963855421686,1.25,0.95731,"[0.5, 0.6)"
"('6c5h-assembly1_A', '6c5h-assembly1_B')","('6c5j-assembly1_A', '6c5j-assembly1_B')",0.9532710280373832,0.5823529411764706,2.13,0.86525,"[0.5, 0.6)"
"('7d9z-assembly1_A', '7d9z-assembly1_B')","('8t0o-assembly1_A', '8t0o-assembly1_B')",0.8155339805825242,0.5501519756838906,1.38,0.90377,"[0.5, 0.6)"
"('6uka-assembly1_A', '6uka-assembly1_B')","('7y4a-assembly1_A', '7y4a-assembly1_B')",0.6944444444444444,0.5256410256410257,0.53,0.8569,"[0.5, 0.6)"
"('2jdq-assembly1_D', '2jdq-assembly1_A')","('4uae-assembly1_B', '4uae-assembly1_A')",0.4925373134328358,0.5054945054945055,2.15,0.91319,"[0.5, 0.6)"
"('2eh7-assembly1_A', '2eh7-assembly1_B')","('4jn1-assembly1_B', '4jn1-assembly1_A')",0.7235023041474654,0.5893416927899686,1.39,0.92838,"[0.5, 0.6)"
"('6dfq-assembly1_B', '6dfq-assembly1_A')","('8ro5-assembly1_A', '8ro5-assembly1_B')",0.6231155778894473,0.5037406483790524,1.91,0.9002,"[0.5, 0.6)"
"('7kzc-assembly1_B', '7kzc-assembly1_A')","('4imk-assembly1_D', '4imk-assembly1_A')",0.75,0.5620689655172414,3.4,0.67118,"[0.5, 0.6)"
"('4c2a-assembly1_B', '4c2a-assembly1_A')","('1sq0-assembly1_B', '1sq0-assembly1_A')",0.98989898989899,0.6,0.72,0.98652,"[0.5, 0.6)"
"('5ifh-assembly1_A', '5ifh-assembly1_B')","('6ztd-assembly1_A', '6ztd-assembly1_B')",0.9715639810426541,0.55,1.86,0.89864,"[0.5, 0.6)"
"('6df0-assembly1_B', '6df0-assembly1_A')","('6dez-assembly1_B', '6dez-assembly1_A')",0.9362745098039216,0.6258741258741258,0.81,0.96883,"[0.6, 0.7)"
"('3d7w-assembly1_A', '3d7w-assembly1_B')","('6ely-assembly1_A', '6ely-assembly1_B')",0.9618320610687023,0.6865671641791045,0.46,0.99148,"[0.6, 0.7)"
"('6dn0-assembly1_A', '6dn0-assembly1_B')","('1fvc-assembly1_B', '1fvc-assembly1_A')",0.9905660377358491,0.684931506849315,0.53,0.9554,"[0.6, 0.7)"
"('2a6d-assembly1_B', '2a6d-assembly1_A')","('1jfq-assembly1_B', '1jfq-assembly1_A')",0.9342723004694836,0.6345029239766082,1.54,0.92151,"[0.6, 0.7)"
"('5f6h-assembly1_A', '5f6h-assembly1_B')","('5f6i-assembly1_B', '5f6i-assembly1_A')",0.9375,0.6539792387543253,0.85,0.96693,"[0.6, 0.7)"
"('4wwr-assembly1_A', '4wwr-assembly1_B')","('4x86-assembly1_A', '4x86-assembly1_B')",0.9811320754716981,0.6824644549763034,0.67,0.8856,"[0.6, 0.7)"
"('8iqp-assembly1_A', '8iqp-assembly1_B')","('8iqs-assembly1_A', '8iqs-assembly1_B')",0.7764705882352941,0.6701846965699209,1.52,0.90753,"[0.6, 0.7)"
"('4d8p-assembly1_A', '4d8p-assembly1_B')","('6mff-assembly1_A', '6mff-assembly1_B')",0.9581151832460733,0.6043737574552683,0.57,0.98332,"[0.6, 0.7)"
"('7l0g-assembly1_C', '7l0g-assembly1_A')","('7l0f-assembly1_B', '7l0f-assembly1_A')",0.9939759036144579,0.618421052631579,0.48,0.99177,"[0.6, 0.7)"
"('4af3-assembly1_B', '4af3-assembly1_A')","('9esa-assembly1_C', '9esa-assembly1_A')",0.8215767634854771,0.6338797814207651,1.83,0.82415,"[0.6, 0.7)"
"('1ktd-assembly1_B', '1ktd-assembly1_A')","('1fne-assembly1_B', '1fne-assembly1_A')",0.9945054945054945,0.6797945205479452,0.3,0.99639,"[0.6, 0.7)"
"('3al4-assembly1_A', '3al4-assembly1_B')","('4eda-assembly1_A', '4eda-assembly1_B')",0.9849624060150376,0.696969696969697,1.46,0.83661,"[0.6, 0.7)"
"('5drw-assembly1_A', '5drw-assembly1_B')","('8gc1-assembly1_A', '8gc1-assembly1_B')",0.8075117370892019,0.6014234875444839,0.97,0.96554,"[0.6, 0.7)"
"('8gby-assembly1_A', '8gby-assembly1_B')","('8gbz-assembly1_A', '8gbz-assembly1_B')",0.9766355140186916,0.6656441717791411,0.31,0.99212,"[0.6, 0.7)"
"('1ktd-assembly1_A', '1ktd-assembly1_B')","('1fne-assembly1_A', '1fne-assembly1_B')",0.9436619718309859,0.6797945205479452,0.78,0.98255,"[0.6, 0.7)"
"('8vgt-assembly1_A', '8vgt-assembly1_B')","('9izn-assembly1_B', '9izn-assembly1_A')",0.9515151515151515,0.6923076923076923,1.43,0.96543,"[0.6, 0.7)"
"('5a1n-assembly1_B', '5a1n-assembly1_A')","('5a34-assembly1_B', '5a34-assembly1_A')",0.9820359281437125,0.6464088397790055,0.55,0.9825,"[0.6, 0.7)"
"('1ngw-assembly1_B', '1ngw-assembly1_A')","('1ngx-assembly1_B', '1ngx-assembly1_A')",0.9906103286384976,0.6875,1.13,0.96047,"[0.6, 0.7)"
"('6dn0-assembly1_B', '6dn0-assembly1_A')","('1fvc-assembly1_A', '1fvc-assembly1_B')",0.9831932773109243,0.684931506849315,0.99,0.95663,"[0.6, 0.7)"
"('4li2-assembly1_B', '4li2-assembly1_A')","('4qxf-assembly1_D-2', '4qxf-assembly1_A')",0.6758620689655173,0.6966292134831461,2.05,0.91376,"[0.6, 0.7)"
"('7wd2-assembly1_C', '7wd2-assembly1_A')","('8j5j-assembly1_B', '8j5j-assembly1_A')",0.7277486910994765,0.7073170731707317,1.1,0.95983,"[0.7, 0.8)"
"('1cso-assembly1_B', '1cso-assembly1_A')","('1sgd-assembly1_B', '1sgd-assembly1_A')",0.9945945945945946,0.7160493827160493,0.14,0.99924,"[0.7, 0.8)"
"('6u9u-assembly1_A', '6u9u-assembly1_B')","('6u3z-assembly1_A', '6u3z-assembly1_B')",0.9575471698113207,0.7009966777408638,0.99,0.96464,"[0.7, 0.8)"
"('1cso-assembly1_A', '1cso-assembly1_B')","('1sgd-assembly1_A', '1sgd-assembly1_B')",0.9803921568627451,0.7160493827160493,0.16,0.995,"[0.7, 0.8)"
"('4a6y-assembly1_B', '4a6y-assembly1_A')","('1ngp-assembly1_B', '1ngp-assembly1_A')",0.995260663507109,0.7215568862275449,0.67,0.98518,"[0.7, 0.8)"
"('1o6s-assembly1_B', '1o6s-assembly1_A')","('2omx-assembly1_B', '2omx-assembly1_A')",0.9956521739130435,0.7962962962962963,0.41,0.99302,"[0.7, 0.8)"
"('4nug-assembly1_B', '4nug-assembly1_A')","('4nuj-assembly1_B', '4nuj-assembly1_A')",0.981651376146789,0.7898305084745763,0.36,0.99582,"[0.7, 0.8)"
"('6her-assembly1_B', '6her-assembly1_A')","('4n9o-assembly1_B', '4n9o-assembly1_A')",0.91,0.7457627118644068,1.0,0.87883,"[0.7, 0.8)"
"('1mh2-assembly1_A', '1mh2-assembly1_B')","('1s6b-assembly1_A', '1s6b-assembly1_B')",0.9495798319327731,0.7211538461538461,0.44,0.9884,"[0.7, 0.8)"
"('4v3d-assembly1_D', '4v3d-assembly1_C')","('4v3e-assembly1_B', '4v3e-assembly1_A')",0.8022598870056498,0.7606837606837606,1.03,0.8976,"[0.7, 0.8)"
"('6dgf-assembly1_A', '6dgf-assembly1_B')","('3v6c-assembly1_A', '3v6c-assembly1_B')",0.9210526315789473,0.7474402730375427,0.93,0.9161,"[0.7, 0.8)"
"('7lvs-assembly1_B', '7lvs-assembly1_A')","('7qgs-assembly1_A', '7qgs-assembly1_B')",0.9354838709677419,0.7348066298342542,0.99,0.94733,"[0.7, 0.8)"
"('4nj9-assembly1_B', '4nj9-assembly1_A')","('4nja-assembly1_B', '4nja-assembly1_A')",0.9905660377358491,0.7339743589743589,0.4,0.97181,"[0.7, 0.8)"
"('4ayd-assembly1_A', '4ayd-assembly1_D')","('2w80-assembly1_A', '2w80-assembly1_D')",0.9958677685950413,0.7235294117647059,0.75,0.9769,"[0.7, 0.8)"
"('1aok-assembly1_B', '1aok-assembly1_A')","('1oqs-assembly1_B', '1oqs-assembly1_A')",0.9180327868852459,0.7186147186147186,0.77,0.97358,"[0.7, 0.8)"
"('5fgk-assembly1_B', '5fgk-assembly1_A')","('5xqx-assembly1_B', '5xqx-assembly1_A')",0.9878787878787879,0.7378640776699029,1.22,0.94416,"[0.7, 0.8)"
"('5jny-assembly1_B', '5jny-assembly1_A')","('7mf7-assembly1_B', '7mf7-assembly1_A')",0.9285714285714286,0.7614942528735632,1.01,0.97478,"[0.7, 0.8)"
"('5vok-assembly1_A', '5vok-assembly1_B')","('5yk5-assembly1_B', '5yk5-assembly1_A')",0.963855421686747,0.7719298245614035,0.97,0.92253,"[0.7, 0.8)"
"('3c7k-assembly1_B', '3c7k-assembly1_A')","('2ik8-assembly1_B', '2ik8-assembly1_A')",0.7407407407407407,0.7338129496402878,0.87,0.94191,"[0.7, 0.8)"
"('3e90-assembly1_B', '3e90-assembly1_A')","('2ggv-assembly1_B', '2ggv-assembly1_A')",0.8421052631578947,0.7260869565217392,1.73,0.37122,"[0.7, 0.8)"
"('8h0n-assembly1_A', '8h0n-assembly1_B')","('8d58-assembly1_B', '8d58-assembly1_A')",0.946078431372549,0.8666666666666667,1.38,0.93592,"[0.8, 0.9)"
"('1dj7-assembly1_B', '1dj7-assembly1_A')","('2pvd-assembly1_B', '2pvd-assembly1_A')",0.9714285714285714,0.8412698412698413,0.27,0.97645,"[0.8, 0.9)"
"('2bok-assembly1_A', '2bok-assembly1_B')","('1fax-assembly1_A', '1fax-assembly1_B')",0.9795918367346939,0.8827586206896552,0.95,0.8257,"[0.8, 0.9)"
"('6h1d-assembly1_A', '6h1d-assembly1_B')","('6kmr-assembly1_B', '6kmr-assembly1_A')",0.991304347826087,0.8012422360248447,0.44,0.91005,"[0.8, 0.9)"
"('4ozr-assembly1_B', '4ozr-assembly1_A')","('4ozt-assembly1_B', '4ozt-assembly1_A')",0.8783068783068783,0.803030303030303,1.97,0.73976,"[0.8, 0.9)"
"('3hc0-assembly1_B', '3hc0-assembly1_A')","('3hc3-assembly1_B', '3hc3-assembly1_A')",0.9952830188679245,0.8142857142857143,0.76,0.98234,"[0.8, 0.9)"
"('3tv3-assembly1_B', '3tv3-assembly1_A')","('3twc-assembly1_B', '3twc-assembly1_A')",0.9658536585365853,0.8175675675675675,1.06,0.94945,"[0.8, 0.9)"
"('6ygu-assembly1_A', '6ygu-assembly1_B')","('6yfv-assembly1_A', '6yfv-assembly1_B')",0.9848484848484849,0.8648648648648649,1.48,0.77058,"[0.8, 0.9)"
"('1a7n-assembly1_B', '1a7n-assembly1_A')","('1a7q-assembly1_B', '1a7q-assembly1_A')",0.9622641509433962,0.8248175182481752,0.17,0.99807,"[0.8, 0.9)"
"('5npv-assembly1_A', '5npv-assembly1_B')","('4tq0-assembly1_A', '4tq0-assembly1_B')",0.9736842105263158,0.8785714285714286,0.45,0.8995,"[0.8, 0.9)"
"('5cey-assembly1_A', '5cey-assembly1_B')","('4fq2-assembly1_B', '4fq2-assembly1_A')",0.947136563876652,0.8061224489795918,0.81,0.96785,"[0.8, 0.9)"
"('5uko-assembly1_B', '5uko-assembly1_A')","('5ukq-assembly1_B', '5ukq-assembly1_A')",0.9590909090909091,0.808641975308642,1.09,0.96431,"[0.8, 0.9)"
"('5o74-assembly1_A', '5o74-assembly1_B')","('2wwx-assembly1_B', '2wwx-assembly1_A')",0.9642857142857143,0.8357664233576643,1.88,0.91352,"[0.8, 0.9)"
"('1zbx-assembly1_B', '1zbx-assembly1_A')","('1zhi-assembly1_B', '1zhi-assembly1_A')",0.9735449735449735,0.84375,1.32,0.93179,"[0.8, 0.9)"
"('3gfk-assembly1_B', '3gfk-assembly1_A')","('3ihq-assembly1_B', '3ihq-assembly1_A')",0.991304347826087,0.875,0.9,0.96285,"[0.8, 0.9)"
"('1dj7-assembly1_A', '1dj7-assembly1_B')","('2pvd-assembly1_A', '2pvd-assembly1_B')",0.9726027397260274,0.8412698412698413,0.3,0.99052,"[0.8, 0.9)"
"('1jou-assembly1_A', '1jou-assembly1_B')","('1z8i-assembly1_A', '1z8i-assembly1_B')",0.992,0.8274509803921568,0.63,0.98912,"[0.8, 0.9)"
"('1zbx-assembly1_A', '1zbx-assembly1_B')","('1zhi-assembly1_A', '1zhi-assembly1_B')",0.9912280701754386,0.84375,0.96,0.87332,"[0.8, 0.9)"
"('8h0n-assembly1_B', '8h0n-assembly1_A')","('7u20-assembly1_A', '7u20-assembly1_B')",0.9968847352024922,0.8785046728971962,1.06,0.94365,"[0.8, 0.9)"
"('1d5s-assembly1_B', '1d5s-assembly1_A')","('1qmb-assembly1_B', '1qmb-assembly1_A')",0.9969325153374233,0.8283582089552238,0.52,0.994,"[0.8, 0.9)"
